id;designation;contact;postec;email;tel;adresse;besoins;remarques;forum
1;reciprocal withdrawal;synthesize compressing;multi-byte Administrator;Elizabeth_Raynor@gmail.com;envisioneer;Coordinator world-class Adaptive;capacitor hard;iterate;online Account global
2;Account superstructure Security;Maine Legacy e-markets;Concrete Cotton Metal;Carter_Doyle@gmail.com;Mill Licensed Music;Plastic Multi-layered;parsing orange copying;encoding Cape;Division Corporate
3;payment;Wisconsin neural;migration Plastic Small;Alexane11@hotmail.com;leverage Pants;Market Gorgeous;back-end Cambridgeshire Cotton;wireless COM Licensed;Supervisor Account Branding
4;Checking;feed;Central cutting-edge Account;Rolando.Herman35@hotmail.com;bandwidth expedite;cohesive efficient;generating;Delaware Sausages;index
5;e-business Loan;Shoes;hack synthesize alarm;Niko20@gmail.com;Kina revolutionary bus;drive;Ohio Monaco;Massachusetts Islands;Account Hat
6;next;Grocery;SMS;Maynard_Kemmer@hotmail.com;revolutionize Granite;Colon Mouse;Carolina Junctions;Iraqi;Sleek eyeballs
7;Health 24/7 GB;Health Configuration;generating Leu implement;Eddie.Johnson84@gmail.com;Granite Venezuela JSON;Beauty Ball Markets;turquoise Maryland;Bacon wireless state;Front-line CSS
8;Sleek hack Regional;Pants Awesome;hierarchy Honduras Practical;Hazle.Kilback@yahoo.com;Rial Utah paradigms;deposit Ball;experiences Pine Towels;Sharable JSON Networked;Buckinghamshire throughput Roads
9;Factors Chad deliver;Markets;Keyboard Australia deposit;Josiane_Cremin@yahoo.com;Granite Checking Home;haptic Legacy Handcrafted;Rial benchmark;Hawaii Factors Computer;Small auxiliary interface
10;Facilitator e-business;Borders Facilitator Kina;channels;Lionel98@yahoo.com;internet 6th;sensor Developer methodologies;Denmark withdrawal;connecting Assurance;microchip synthesize mobile
